{"3daysConfig": {"hellobill-DS1BB20C08517165920-RES-685-1088": {"A1. GOLDEN CHICKEN CHARSIU": {"p": 2, "d": 0, "q": 1, "P": 1, "D": 0, "Q": 2, "N": 3, "t": "c", "rmse": 0.21807645331273182}}}, "7daysConfig": {"hellobill-DS1BB20C08517165920-RES-685-1088": {"A1. GOLDEN CHICKEN CHARSIU": {"p": 2, "d": 1, "q": 2, "P": 0, "D": 1, "Q": 0, "N": 7, "t": "c", "rmse": 1.6077540106898367}}}, "21daysConfig": {"hellobill-DS1BB20C08517165920-RES-685-1088": {"A1. GOLDEN CHICKEN CHARSIU": {"p": 0, "d": 1, "q": 2, "P": 2, "D": 0, "Q": 1, "N": 0, "t": "c", "rmse": 1.750436231075014}}}, "30daysConfig": {"hellobill-DS1BB20C08517165920-RES-685-1088": {"A1. GOLDEN CHICKEN CHARSIU": {"p": 0, "d": 0, "q": 2, "P": 2, "D": 0, "Q": 1, "N": 0, "t": "c", "rmse": 1.5846465017521902}}}}